{ "count": 20, "start": 0, "total": 19, "subjects": [{ "rating": { "max": 10, "average": 7.3, "stars": "40", "min": 0 }, "genres": ["剧情", "爱情", "科幻"], "collect_count": 165095, "casts": [{ "avatars": { "small": "http://img3.douban.com\/img\/celebrity\/small\/805.jpg", "large": "http://img3.douban.com\/img\/celebrity\/large\/805.jpg", "medium": "http://img3.douban.com\/img\/celebrity\/medium\/805.jpg" }, "alt": "http:\/\/movie.douban.com\/celebrity\/1274235\/", "id": "1274235", "name": "邓超" }, { "avatars": { "small": "http://img3.douban.com\/img\/celebrity\/small\/3083.jpg", "large": "http://img3.douban.com\/img\/celebrity\/large\/3083.jpg", "medium": "http://img3.douban.com\/img\/celebrity\/medium\/3083.jpg" }, "alt": "http:\/\/movie.douban.com\/celebrity\/1274317\/", "id": "1274317", "name": "罗志祥" }, { "avatars": { "small": "http://img3.douban.com\/img\/celebrity\/small\/47020.jpg", "large": "http://img3.douban.com\/img\/celebrity\/large\/47020.jpg", "medium": "http://img3.douban.com\/img\/celebrity\/medium\/47020.jpg" }, "alt": "http:\/\/movie.douban.com\/celebrity\/1274494\/", "id": "1274494", "name": "张雨绮" }], "title": "美人鱼", "original_title": "美人鱼", "subtype": "movie", "directors": [{ "avatars": { "small": "http://img3.douban.com\/img\/celebrity\/small\/47421.jpg", "large": "http://img3.douban.com\/img\/celebrity\/large\/47421.jpg", "medium": "http://img3.douban.com\/img\/celebrity\/medium\/47421.jpg" }, "alt": "http:\/\/movie.douban.com\/celebrity\/1048026\/", "id": "1048026", "name": "周星驰" }], "year": "2016", "images": { "small": "http://img3.douban.com\/view\/movie_poster_cover\/ipst\/public\/p2318777840.jpg", "large": "http://img3.douban.com\/view\/movie_poster_cover\/lpst\/public\/p2318777840.jpg", "medium": "http://img3.douban.com\/view\/movie_poster_cover\/spst\/public\/p2318777840.jpg" }, "alt": "http:\/\/movie.douban.com\/subject\/19944106\/", "id": "19944106" }, { "rating": { "max": 10, "average": 8.1, "stars": "40", "min": 0 }, "genres": ["动画"], "collect_count": 3037, "casts": [{ "avatars": { "small": "http://img3.douban.com\/img\/celebrity\/small\/13635.jpg", "large": "http://img3.douban.com\/img\/celebrity\/large\/13635.jpg", "medium": "http://img3.douban.com\/img\/celebrity\/medium\/13635.jpg" }, "alt": "http:\/\/movie.douban.com\/celebrity\/1276138\/", "id": "1276138", "name": "三瓶由布子" }, { "avatars": null, "alt": null, "id": null, "name": "菊池心" }, { "avatars": { "small": "http://img3.douban.com\/img\/celebrity\/small\/17853.jpg", "large": "http://img3.douban.com\/img\/celebrity\/large\/17853.jpg", "medium": "http://img3.douban.com\/img\/celebrity\/medium\/17853.jpg" }, "alt": "http:\/\/movie.douban.com\/celebrity\/1000744\/", "id": "1000744", "name": "竹内顺子" }], "title": "火影忍者剧场版：博人传", "original_title": "BORUTO -NARUTO THE MOVIE-", "subtype": "movie", "directors": [{ "avatars": null, "alt": null, "id": null, "name": "山下宏幸" }], "year": "2015", "images": { "small": "http://img3.doubanio.com\/view\/movie_poster_cover\/ipst\/public\/p2302137839.jpg", "large": "http://img3.doubanio.com\/view\/movie_poster_cover\/lpst\/public\/p2302137839.jpg", "medium": "http://img3.doubanio.com\/view\/movie_poster_cover\/spst\/public\/p2302137839.jpg" }, "alt": "http:\/\/movie.douban.com\/subject\/26282448\/", "id": "26282448" }, { "rating": { "max": 10, "average": 5.9, "stars": "30", "min": 0 }, "genres": ["喜剧", "动作", "奇幻"], "collect_count": 37481, "casts": [{ "avatars": { "small": "http://img3.doubanio.com\/img\/celebrity\/small\/29009.jpg", "large": "http://img3.doubanio.com\/img\/celebrity\/large\/29009.jpg", "medium": "http://img3.doubanio.com\/img\/celebrity\/medium\/29009.jpg" }, "alt": "http:\/\/movie.douban.com\/celebrity\/1041390\/", "id": "1041390", "name": "郭富城" }, { "avatars": { "small": "http://img3.doubanio.com\/img\/celebrity\/small\/1399268395.47.jpg", "large": "http://img3.doubanio.com\/img\/celebrity\/large\/1399268395.47.jpg", "medium": "http://img3.doubanio.com\/img\/celebrity\/medium\/1399268395.47.jpg" }, "alt": "http:\/\/movie.douban.com\/celebrity\/1035641\/", "id": "1035641", "name": "巩俐" }, { "avatars": { "small": "http://img3.douban.com\/img\/celebrity\/small\/11633.jpg", "large": "http://img3.douban.com\/img\/celebrity\/large\/11633.jpg", "medium": "http://img3.douban.com\/img\/celebrity\/medium\/11633.jpg" }, "alt": "http:\/\/movie.douban.com\/celebrity\/1275721\/", "id": "1275721", "name": "冯绍峰" }], "title": "西游记之孙悟空三打白骨精", "original_title": "西游记之孙悟空三打白骨精", "subtype": "movie", "directors": [{ "avatars": { "small": "http://img3.doubanio.com\/img\/celebrity\/small\/1378782533.9.jpg", "large": "http://img3.doubanio.com\/img\/celebrity\/large\/1378782533.9.jpg", "medium": "http://img3.doubanio.com\/img\/celebrity\/medium\/1378782533.9.jpg" }, "alt": "http:\/\/movie.douban.com\/celebrity\/1274240\/", "id": "1274240", "name": "郑保瑞" }], "year": "2016", "images": { "small": "http://img3.douban.com\/view\/movie_poster_cover\/ipst\/public\/p2315805100.jpg", "large": "http://img3.douban.com\/view\/movie_poster_cover\/lpst\/public\/p2315805100.jpg", "medium": "http://img3.douban.com\/view\/movie_poster_cover\/spst\/public\/p2315805100.jpg" }, "alt": "http:\/\/movie.douban.com\/subject\/25827963\/", "id": "25827963" }, { "rating": { "max": 10, "average": 4.1, "stars": "20", "min": 0 }, "genres": ["喜剧", "动作"], "collect_count": 26893, "casts": [{ "avatars": { "small": "http://img3.douban.com\/img\/celebrity\/small\/205.jpg", "large": "http://img3.douban.com\/img\/celebrity\/large\/205.jpg", "medium": "http://img3.douban.com\/img\/celebrity\/medium\/205.jpg" }, "alt": "http:\/\/movie.douban.com\/celebrity\/1044899\/", "id": "1044899", "name": "周润发" }, { "avatars": { "small": "http://img3.douban.com\/img\/celebrity\/small\/1378956633.91.jpg", "large": "http://img3.douban.com\/img\/celebrity\/large\/1378956633.91.jpg", "medium": "http://img3.douban.com\/img\/celebrity\/medium\/1378956633.91.jpg" }, "alt": "http:\/\/movie.douban.com\/celebrity\/1054424\/", "id": "1054424", "name": "刘德华" }, { "avatars": { "small": "http://img3.doubanio.com\/img\/celebrity\/small\/1382184082.17.jpg", "large": "http://img3.doubanio.com\/img\/celebrity\/large\/1382184082.17.jpg", "medium": "http://img3.doubanio.com\/img\/celebrity\/medium\/1382184082.17.jpg" }, "alt": "http:\/\/movie.douban.com\/celebrity\/1037273\/", "id": "1037273", "name": "张家辉" }], "title": "澳门风云3", "original_title": "賭城風雲III", "subtype": "movie", "directors": [{ "avatars": { "small": "http://img3.doubanio.com\/img\/celebrity\/small\/1403267018.07.jpg", "large": "http://img3.doubanio.com\/img\/celebrity\/large\/1403267018.07.jpg", "medium": "http://img3.doubanio.com\/img\/celebrity\/medium\/1403267018.07.jpg" }, "alt": "http:\/\/movie.douban.com\/celebrity\/1106979\/", "id": "1106979", "name": "刘伟强" }, { "avatars": { "small": "http://img3.doubanio.com\/img\/celebrity\/small\/3237.jpg", "large": "http://img3.doubanio.com\/img\/celebrity\/large\/3237.jpg", "medium": "http://img3.doubanio.com\/img\/celebrity\/medium\/3237.jpg" }, "alt": "http:\/\/movie.douban.com\/celebrity\/1274331\/", "id": "1274331", "name": "王晶" }], "year": "2016", "images": { "small": "http://img3.doubanio.com\/view\/movie_poster_cover\/ipst\/public\/p2309171908.jpg", "large": "http://img3.doubanio.com\/view\/movie_poster_cover\/lpst\/public\/p2309171908.jpg", "medium": "http://img3.doubanio.com\/view\/movie_poster_cover\/spst\/public\/p2309171908.jpg" }, "alt": "http:\/\/movie.douban.com\/subject\/26334559\/", "id": "26334559" }, { "rating": { "max": 10, "average": 8, "stars": "40", "min": 0 }, "genres": ["喜剧", "动作", "动画"], "collect_count": 81645, "casts": [{ "avatars": { "small": "http://img3.douban.com\/img\/celebrity\/small\/35722.jpg", "large": "http://img3.douban.com\/img\/celebrity\/large\/35722.jpg", "medium": "http://img3.douban.com\/img\/celebrity\/medium\/35722.jpg" }, "alt": "http:\/\/movie.douban.com\/celebrity\/1049492\/", "id": "1049492", "name": "杰克·布莱克" }, { "avatars": { "small": "http://img3.doubanio.com\/img\/celebrity\/small\/50319.jpg", "large": "http://img3.doubanio.com\/img\/celebrity\/large\/50319.jpg", "medium": "http://img3.doubanio.com\/img\/celebrity\/medium\/50319.jpg" }, "alt": "http:\/\/movie.douban.com\/celebrity\/1031807\/", "id": "1031807", "name": "布莱恩·科兰斯顿" }, { "avatars": { "small": "http://img3.douban.com\/img\/celebrity\/small\/604.jpg", "large": "http://img3.douban.com\/img\/celebrity\/large\/604.jpg", "medium": "http://img3.douban.com\/img\/celebrity\/medium\/604.jpg" }, "alt": "http:\/\/movie.douban.com\/celebrity\/1054427\/", "id": "1054427", "name": "达斯汀·霍夫曼" }], "title": "功夫熊猫3", "original_title": "Kung Fu Panda 3", "subtype": "movie", "directors": [{ "avatars": { "small": "http://img3.douban.com\/img\/celebrity\/small\/27153.jpg", "large": "http://img3.douban.com\/img\/celebrity\/large\/27153.jpg", "medium": "http://img3.douban.com\/img\/celebrity\/medium\/27153.jpg" }, "alt": "http:\/\/movie.douban.com\/celebrity\/1301570\/", "id": "1301570", "name": "吕寅荣" }, { "avatars": { "small": "http://img3.douban.com\/img\/celebrity\/small\/1453889524.61.jpg", "large": "http://img3.douban.com\/img\/celebrity\/large\/1453889524.61.jpg", "medium": "http://img3.douban.com\/img\/celebrity\/medium\/1453889524.61.jpg" }, "alt": "http:\/\/movie.douban.com\/celebrity\/1351289\/", "id": "1351289", "name": "亚历山德罗·卡罗尼" }], "year": "2016", "images": { "small": "http://img3.douban.com\/view\/movie_poster_cover\/ipst\/public\/p2306653420.jpg", "large": "http://img3.douban.com\/view\/movie_poster_cover\/lpst\/public\/p2306653420.jpg", "medium": "http://img3.douban.com\/view\/movie_poster_cover\/spst\/public\/p2306653420.jpg" }, "alt": "http:\/\/movie.douban.com\/subject\/11589036\/", "id": "11589036" }, { "rating": { "max": 10, "average": 5.9, "stars": "30", "min": 0 }, "genres": ["喜剧", "爱情"], "collect_count": 2408, "casts": [{ "avatars": { "small": "http://img3.douban.com\/img\/celebrity\/small\/1372657254.25.jpg", "large": "http://img3.douban.com\/img\/celebrity\/large\/1372657254.25.jpg", "medium": "http://img3.douban.com\/img\/celebrity\/medium\/1372657254.25.jpg" }, "alt": "http:\/\/movie.douban.com\/celebrity\/1322949\/", "id": "1322949", "name": "杜江" }, { "avatars": { "small": "http://img3.doubanio.com\/img\/celebrity\/small\/48497.jpg", "large": "http://img3.doubanio.com\/img\/celebrity\/large\/48497.jpg", "medium": "http://img3.doubanio.com\/img\/celebrity\/medium\/48497.jpg" }, "alt": "http:\/\/movie.douban.com\/celebrity\/1023827\/", "id": "1023827", "name": "薛凯琪" }, { "avatars": { "small": "http://img3.doubanio.com\/img\/celebrity\/small\/49438.jpg", "large": "http://img3.doubanio.com\/img\/celebrity\/large\/49438.jpg", "medium": "http://img3.doubanio.com\/img\/celebrity\/medium\/49438.jpg" }, "alt": "http:\/\/movie.douban.com\/celebrity\/1320592\/", "id": "1320592", "name": "余心恬" }], "title": "高跟鞋先生", "original_title": "高跟鞋先生", "subtype": "movie", "directors": [{ "avatars": { "small": "http://img3.doubanio.com\/img\/celebrity\/small\/1452447207.66.jpg", "large": "http://img3.doubanio.com\/img\/celebrity\/large\/1452447207.66.jpg", "medium": "http://img3.doubanio.com\/img\/celebrity\/medium\/1452447207.66.jpg" }, "alt": "http:\/\/movie.douban.com\/celebrity\/1316828\/", "id": "1316828", "name": "陆可" }], "year": "2016", "images": { "small": "http://img3.douban.com\/view\/movie_poster_cover\/ipst\/public\/p2312412325.jpg", "large": "http://img3.douban.com\/view\/movie_poster_cover\/lpst\/public\/p2312412325.jpg", "medium": "http://img3.douban.com\/view\/movie_poster_cover\/spst\/public\/p2312412325.jpg" }, "alt": "http:\/\/movie.douban.com\/subject\/26652816\/", "id": "26652816" }, { "rating": { "max": 10, "average": 3.4, "stars": "20", "min": 0 }, "genres": ["剧情", "爱情"], "collect_count": 4477, "casts": [{ "avatars": { "small": "http://img3.doubanio.com\/img\/celebrity\/small\/888.jpg", "large": "http://img3.doubanio.com\/img\/celebrity\/large\/888.jpg", "medium": "http://img3.doubanio.com\/img\/celebrity\/medium\/888.jpg" }, "alt": "http:\/\/movie.douban.com\/celebrity\/1041014\/", "id": "1041014", "name": "章子怡" }, { "avatars": { "small": "http://img3.douban.com\/img\/celebrity\/small\/1368156632.65.jpg", "large": "http://img3.douban.com\/img\/celebrity\/large\/1368156632.65.jpg", "medium": "http://img3.douban.com\/img\/celebrity\/medium\/1368156632.65.jpg" }, "alt": "http:\/\/movie.douban.com\/celebrity\/1013782\/", "id": "1013782", "name": "彭于晏" }, { "avatars": { "small": "http://img3.douban.com\/img\/celebrity\/small\/12000.jpg", "large": "http://img3.douban.com\/img\/celebrity\/large\/12000.jpg", "medium": "http://img3.douban.com\/img\/celebrity\/medium\/12000.jpg" }, "alt": "http:\/\/movie.douban.com\/celebrity\/1275756\/", "id": "1275756", "name": "佟丽娅" }], "title": "奔爱", "original_title": "奔爱", "subtype": "movie", "directors": [{ "avatars": { "small": "http://img3.douban.com\/img\/celebrity\/small\/11460.jpg", "large": "http://img3.douban.com\/img\/celebrity\/large\/11460.jpg", "medium": "http://img3.douban.com\/img\/celebrity\/medium\/11460.jpg" }, "alt": "http:\/\/movie.douban.com\/celebrity\/1275554\/", "id": "1275554", "name": "张一白" }, { "avatars": { "small": "http://img3.douban.com\/img\/celebrity\/small\/8171.jpg", "large": "http://img3.douban.com\/img\/celebrity\/large\/8171.jpg", "medium": "http://img3.douban.com\/img\/celebrity\/medium\/8171.jpg" }, "alt": "http:\/\/movie.douban.com\/celebrity\/1274919\/", "id": "1274919", "name": "管虎" }, { "avatars": { "small": "http://img3.douban.com\/img\/celebrity\/small\/21865.jpg", "large": "http://img3.douban.com\/img\/celebrity\/large\/21865.jpg", "medium": "http://img3.douban.com\/img\/celebrity\/medium\/21865.jpg" }, "alt": "http:\/\/movie.douban.com\/celebrity\/1314120\/", "id": "1314120", "name": "张猛" }, { "avatars": { "small": "http://img3.doubanio.com\/img\/celebrity\/small\/36106.jpg", "large": "http://img3.doubanio.com\/img\/celebrity\/large\/36106.jpg", "medium": "http://img3.doubanio.com\/img\/celebrity\/medium\/36106.jpg" }, "alt": "http:\/\/movie.douban.com\/celebrity\/1314569\/", "id": "1314569", "name": "滕华涛" }, { "avatars": { "small": "http://img3.douban.com\/img\/celebrity\/small\/8283.jpg", "large": "http://img3.douban.com\/img\/celebrity\/large\/8283.jpg", "medium": "http://img3.douban.com\/img\/celebrity\/medium\/8283.jpg" }, "alt": "http:\/\/movie.douban.com\/celebrity\/1274943\/", "id": "1274943", "name": "高群书" }], "year": "2016", "images": { "small": "http://img3.douban.com\/view\/movie_poster_cover\/ipst\/public\/p2312443555.jpg", "large": "http://img3.douban.com\/view\/movie_poster_cover\/lpst\/public\/p2312443555.jpg", "medium": "http://img3.douban.com\/view\/movie_poster_cover\/spst\/public\/p2312443555.jpg" }, "alt": "http:\/\/movie.douban.com\/subject\/26637534\/", "id": "26637534" }, { "rating": { "max": 10, "average": 3.7, "stars": "20", "min": 0 }, "genres": ["爱情", "悬疑"], "collect_count": 1842, "casts": [{ "avatars": { "small": "http://img3.douban.com\/img\/celebrity\/small\/50831.jpg", "large": "http://img3.douban.com\/img\/celebrity\/large\/50831.jpg", "medium": "http://img3.douban.com\/img\/celebrity\/medium\/50831.jpg" }, "alt": "http:\/\/movie.douban.com\/celebrity\/1033011\/", "id": "1033011", "name": "杨颖" }, { "avatars": { "small": "http://img3.doubanio.com\/img\/celebrity\/small\/21006.jpg", "large": "http://img3.doubanio.com\/img\/celebrity\/large\/21006.jpg", "medium": "http://img3.doubanio.com\/img\/celebrity\/medium\/21006.jpg" }, "alt": "http:\/\/movie.douban.com\/celebrity\/1259866\/", "id": "1259866", "name": "阮经天" }, { "avatars": { "small": "http://img3.doubanio.com\/img\/celebrity\/small\/1415547909.6.jpg", "large": "http://img3.doubanio.com\/img\/celebrity\/large\/1415547909.6.jpg", "medium": "http://img3.doubanio.com\/img\/celebrity\/medium\/1415547909.6.jpg" }, "alt": "http:\/\/movie.douban.com\/celebrity\/1325810\/", "id": "1325810", "name": "张超" }], "title": "谋杀似水年华", "original_title": "谋杀似水年华", "subtype": "movie", "directors": [{ "avatars": { "small": "http://img3.doubanio.com\/img\/celebrity\/small\/1428313609.9.jpg", "large": "http://img3.doubanio.com\/img\/celebrity\/large\/1428313609.9.jpg", "medium": "http://img3.doubanio.com\/img\/celebrity\/medium\/1428313609.9.jpg" }, "alt": "http:\/\/movie.douban.com\/celebrity\/1000726\/", "id": "1000726", "name": "陈果" }], "year": "2016", "images": { "small": "http://img3.doubanio.com\/view\/movie_poster_cover\/ipst\/public\/p2318807517.jpg", "large": "http://img3.doubanio.com\/view\/movie_poster_cover\/lpst\/public\/p2318807517.jpg", "medium": "http://img3.doubanio.com\/view\/movie_poster_cover\/spst\/public\/p2318807517.jpg" }, "alt": "http:\/\/movie.douban.com\/subject\/26263919\/", "id": "26263919" }, { "rating": { "max": 10, "average": 6, "stars": "30", "min": 0 }, "genres": ["喜剧", "动画", "奇幻"], "collect_count": 703, "casts": [{ "avatars": { "small": "http://img3.doubanio.com\/img\/celebrity\/small\/1454395377.49.jpg", "large": "http://img3.doubanio.com\/img\/celebrity\/large\/1454395377.49.jpg", "medium": "http://img3.doubanio.com\/img\/celebrity\/medium\/1454395377.49.jpg" }, "alt": "http:\/\/movie.douban.com\/celebrity\/1312940\/", "id": "1312940", "name": "雷佳音" }, { "avatars": { "small": "http://img3.doubanio.com\/img\/celebrity\/small\/36798.jpg", "large": "http://img3.doubanio.com\/img\/celebrity\/large\/36798.jpg", "medium": "http://img3.doubanio.com\/img\/celebrity\/medium\/36798.jpg" }, "alt": "http:\/\/movie.douban.com\/celebrity\/1274224\/", "id": "1274224", "name": "周冬雨" }, { "avatars": { "small": "http://img3.doubanio.com\/img\/celebrity\/small\/1420296836.46.jpg", "large": "http://img3.doubanio.com\/img\/celebrity\/large\/1420296836.46.jpg", "medium": "http://img3.doubanio.com\/img\/celebrity\/medium\/1420296836.46.jpg" }, "alt": "http:\/\/movie.douban.com\/celebrity\/1313841\/", "id": "1313841", "name": "陈赫" }], "title": "年兽大作战", "original_title": "年兽大作战", "subtype": "movie", "directors": [{ "avatars": { "small": "http://img3.douban.com\/img\/celebrity\/small\/1428377048.72.jpg", "large": "http://img3.douban.com\/img\/celebrity\/large\/1428377048.72.jpg", "medium": "http://img3.douban.com\/img\/celebrity\/medium\/1428377048.72.jpg" }, "alt": "http:\/\/movie.douban.com\/celebrity\/1348848\/", "id": "1348848", "name": "张扬" }], "year": "2016", "images": { "small": "http://img3.douban.com\/view\/movie_poster_cover\/ipst\/public\/p2305489683.jpg", "large": "http://img3.douban.com\/view\/movie_poster_cover\/lpst\/public\/p2305489683.jpg", "medium": "http://img3.douban.com\/view\/movie_poster_cover\/spst\/public\/p2305489683.jpg" }, "alt": "http:\/\/movie.douban.com\/subject\/26361479\/", "id": "26361479" }, { "rating": { "max": 10, "average": 6.4, "stars": "35", "min": 0 }, "genres": ["喜剧", "动画", "冒险"], "collect_count": 2498, "casts": [{ "avatars": { "small": "http://img3.doubanio.com\/img\/celebrity\/small\/1451196460.57.jpg", "large": "http://img3.doubanio.com\/img\/celebrity\/large\/1451196460.57.jpg", "medium": "http://img3.doubanio.com\/img\/celebrity\/medium\/1451196460.57.jpg" }, "alt": "http:\/\/movie.douban.com\/celebrity\/1336920\/", "id": "1336920", "name": "张伟" }, { "avatars": { "small": "http://img3.douban.com\/img\/celebrity\/small\/1451196097.21.jpg", "large": "http://img3.douban.com\/img\/celebrity\/large\/1451196097.21.jpg", "medium": "http://img3.douban.com\/img\/celebrity\/medium\/1451196097.21.jpg" }, "alt": "http:\/\/movie.douban.com\/celebrity\/1336919\/", "id": "1336919", "name": "张秉君" }, { "avatars": { "small": "http://img3.doubanio.com\/f\/movie\/ca527386eb8c4e325611e22dfcb04cc116d6b423\/pics\/movie\/celebrity-default-small.png", "large": "http://img3.douban.com\/f\/movie\/63acc16ca6309ef191f0378faf793d1096a3e606\/pics\/movie\/celebrity-default-large.png", "medium": "http://img3.doubanio.com\/f\/movie\/8dd0c794499fe925ae2ae89ee30cd225750457b4\/pics\/movie\/celebrity-default-medium.png" }, "alt": "http:\/\/movie.douban.com\/celebrity\/1336930\/", "id": "1336930", "name": "谭笑" }], "title": "熊出没之熊心归来", "original_title": "熊出没之熊心归来", "subtype": "movie", "directors": [{ "avatars": { "small": "http://img3.douban.com\/img\/celebrity\/small\/1451195637.94.jpg", "large": "http://img3.douban.com\/img\/celebrity\/large\/1451195637.94.jpg", "medium": "http://img3.douban.com\/img\/celebrity\/medium\/1451195637.94.jpg" }, "alt": "http:\/\/movie.douban.com\/celebrity\/1336904\/", "id": "1336904", "name": "丁亮" }, { "avatars": { "small": "http://img3.doubanio.com\/f\/movie\/ca527386eb8c4e325611e22dfcb04cc116d6b423\/pics\/movie\/celebrity-default-small.png", "large": "http://img3.douban.com\/f\/movie\/63acc16ca6309ef191f0378faf793d1096a3e606\/pics\/movie\/celebrity-default-large.png", "medium": "http://img3.doubanio.com\/f\/movie\/8dd0c794499fe925ae2ae89ee30cd225750457b4\/pics\/movie\/celebrity-default-medium.png" }, "alt": "http:\/\/movie.douban.com\/celebrity\/1352577\/", "id": "1352577", "name": "林永长" }], "year": "2016", "images": { "small": "http://img3.douban.com\/view\/movie_poster_cover\/ipst\/public\/p2303088664.jpg", "large": "http://img3.douban.com\/view\/movie_poster_cover\/lpst\/public\/p2303088664.jpg", "medium": "http://img3.douban.com\/view\/movie_poster_cover\/spst\/public\/p2303088664.jpg" }, "alt": "http:\/\/movie.douban.com\/subject\/26330955\/", "id": "26330955" }, { "rating": { "max": 10, "average": 6.9, "stars": "35", "min": 0 }, "genres": ["喜剧", "动画", "奇幻"], "collect_count": 3746, "casts": [{ "avatars": { "small": "http://img3.douban.com\/img\/celebrity\/small\/3804.jpg", "large": "http://img3.douban.com\/img\/celebrity\/large\/3804.jpg", "medium": "http://img3.douban.com\/img\/celebrity\/medium\/3804.jpg" }, "alt": "http:\/\/movie.douban.com\/celebrity\/1017904\/", "id": "1017904", "name": "贾斯汀·朗" }, { "avatars": { "small": "http://img3.doubanio.com\/img\/celebrity\/small\/9906.jpg", "large": "http://img3.doubanio.com\/img\/celebrity\/large\/9906.jpg", "medium": "http://img3.doubanio.com\/img\/celebrity\/medium\/9906.jpg" }, "alt": "http:\/\/movie.douban.com\/celebrity\/1031808\/", "id": "1031808", "name": "马修·格雷·古柏勒" }, { "avatars": { "small": "http://img3.douban.com\/img\/celebrity\/small\/2020.jpg", "large": "http://img3.douban.com\/img\/celebrity\/large\/2020.jpg", "medium": "http://img3.douban.com\/img\/celebrity\/medium\/2020.jpg" }, "alt": "http:\/\/movie.douban.com\/celebrity\/1000066\/", "id": "1000066", "name": "杰西·麦卡尼" }], "title": "鼠来宝4：萌在囧途", "original_title": "Alvin and the Chipmunks: The Road Chip", "subtype": "movie", "directors": [{ "avatars": { "small": "http://img3.doubanio.com\/img\/celebrity\/small\/1408734288.09.jpg", "large": "http://img3.doubanio.com\/img\/celebrity\/large\/1408734288.09.jpg", "medium": "http://img3.doubanio.com\/img\/celebrity\/medium\/1408734288.09.jpg" }, "alt": "http:\/\/movie.douban.com\/celebrity\/1050089\/", "id": "1050089", "name": "沃尔特·拜克" }], "year": "2015", "images": { "small": "http://img3.douban.com\/view\/movie_poster_cover\/ipst\/public\/p2305715574.jpg", "large": "http://img3.douban.com\/view\/movie_poster_cover\/lpst\/public\/p2305715574.jpg", "medium": "http://img3.douban.com\/view\/movie_poster_cover\/spst\/public\/p2305715574.jpg" }, "alt": "http:\/\/movie.douban.com\/subject\/25760247\/", "id": "25760247" }, { "rating": { "max": 10, "average": 4.9, "stars": "25", "min": 0 }, "genres": ["喜剧"], "collect_count": 3200, "casts": [{ "avatars": { "small": "http://img3.doubanio.com\/img\/celebrity\/small\/45846.jpg", "large": "http://img3.doubanio.com\/img\/celebrity\/large\/45846.jpg", "medium": "http://img3.doubanio.com\/img\/celebrity\/medium\/45846.jpg" }, "alt": "http:\/\/movie.douban.com\/celebrity\/1274296\/", "id": "1274296", "name": "赵本山" }, { "avatars": { "small": "http://img3.doubanio.com\/img\/celebrity\/small\/4509.jpg", "large": "http://img3.doubanio.com\/img\/celebrity\/large\/4509.jpg", "medium": "http://img3.doubanio.com\/img\/celebrity\/medium\/4509.jpg" }, "alt": "http:\/\/movie.douban.com\/celebrity\/1274496\/", "id": "1274496", "name": "闫妮" }, { "avatars": { "small": "http://img3.doubanio.com\/img\/celebrity\/small\/1373458385.8.jpg", "large": "http://img3.doubanio.com\/img\/celebrity\/large\/1373458385.8.jpg", "medium": "http://img3.doubanio.com\/img\/celebrity\/medium\/1373458385.8.jpg" }, "alt": "http:\/\/movie.douban.com\/celebrity\/1275262\/", "id": "1275262", "name": "热依扎" }], "title": "过年好", "original_title": "过年好", "subtype": "movie", "directors": [{ "avatars": { "small": "http://img3.douban.com\/img\/celebrity\/small\/8283.jpg", "large": "http://img3.douban.com\/img\/celebrity\/large\/8283.jpg", "medium": "http://img3.douban.com\/img\/celebrity\/medium\/8283.jpg" }, "alt": "http:\/\/movie.douban.com\/celebrity\/1274943\/", "id": "1274943", "name": "高群书" }], "year": "2016", "images": { "small": "http://img3.douban.com\/view\/movie_poster_cover\/ipst\/public\/p2312432460.jpg", "large": "http://img3.douban.com\/view\/movie_poster_cover\/lpst\/public\/p2312432460.jpg", "medium": "http://img3.douban.com\/view\/movie_poster_cover\/spst\/public\/p2312432460.jpg" }, "alt": "http:\/\/movie.douban.com\/subject\/26698301\/", "id": "26698301" }, { "rating": { "max": 10, "average": 7.7, "stars": "40", "min": 0 }, "genres": ["剧情", "动作", "奇幻"], "collect_count": 254511, "casts": [{ "avatars": { "small": "http://img3.doubanio.com\/img\/celebrity\/small\/1327.jpg", "large": "http://img3.doubanio.com\/img\/celebrity\/large\/1327.jpg", "medium": "http://img3.doubanio.com\/img\/celebrity\/medium\/1327.jpg" }, "alt": "http:\/\/movie.douban.com\/celebrity\/1053618\/", "id": "1053618", "name": "陈坤" }, { "avatars": { "small": "http://img3.doubanio.com\/img\/celebrity\/small\/1656.jpg", "large": "http://img3.doubanio.com\/img\/celebrity\/large\/1656.jpg", "medium": "http://img3.doubanio.com\/img\/celebrity\/medium\/1656.jpg" }, "alt": "http:\/\/movie.douban.com\/celebrity\/1274242\/", "id": "1274242", "name": "黄渤" }, { "avatars": { "small": "http://img3.doubanio.com\/img\/celebrity\/small\/1268.jpg", "large": "http://img3.doubanio.com\/img\/celebrity\/large\/1268.jpg", "medium": "http://img3.doubanio.com\/img\/celebrity\/medium\/1268.jpg" }, "alt": "http:\/\/movie.douban.com\/celebrity\/1138320\/", "id": "1138320", "name": "舒淇" }], "title": "寻龙诀", "original_title": "寻龙诀", "subtype": "movie", "directors": [{ "avatars": { "small": "http://img3.doubanio.com\/img\/celebrity\/small\/1361431845.09.jpg", "large": "http://img3.doubanio.com\/img\/celebrity\/large\/1361431845.09.jpg", "medium": "http://img3.doubanio.com\/img\/celebrity\/medium\/1361431845.09.jpg" }, "alt": "http:\/\/movie.douban.com\/celebrity\/1275211\/", "id": "1275211", "name": "乌尔善" }], "year": "2015", "images": { "small": "http://img3.douban.com\/view\/movie_poster_cover\/ipst\/public\/p2284620292.jpg", "large": "http://img3.douban.com\/view\/movie_poster_cover\/lpst\/public\/p2284620292.jpg", "medium": "http://img3.douban.com\/view\/movie_poster_cover\/spst\/public\/p2284620292.jpg" }, "alt": "http:\/\/movie.douban.com\/subject\/3077412\/", "id": "3077412" }, { "rating": { "max": 10, "average": 8.3, "stars": "45", "min": 0 }, "genres": ["剧情", "动作", "犯罪"], "collect_count": 249406, "casts": [{ "avatars": { "small": "http://img3.doubanio.com\/img\/celebrity\/small\/45667.jpg", "large": "http://img3.doubanio.com\/img\/celebrity\/large\/45667.jpg", "medium": "http://img3.doubanio.com\/img\/celebrity\/medium\/45667.jpg" }, "alt": "http:\/\/movie.douban.com\/celebrity\/1274255\/", "id": "1274255", "name": "冯小刚" }, { "avatars": { "small": "http://img3.douban.com\/img\/celebrity\/small\/37882.jpg", "large": "http://img3.douban.com\/img\/celebrity\/large\/37882.jpg", "medium": "http://img3.douban.com\/img\/celebrity\/medium\/37882.jpg" }, "alt": "http:\/\/movie.douban.com\/celebrity\/1005268\/", "id": "1005268", "name": "许晴" }, { "avatars": { "small": "http://img3.doubanio.com\/img\/celebrity\/small\/49047.jpg", "large": "http://img3.doubanio.com\/img\/celebrity\/large\/49047.jpg", "medium": "http://img3.doubanio.com\/img\/celebrity\/medium\/49047.jpg" }, "alt": "http:\/\/movie.douban.com\/celebrity\/1274319\/", "id": "1274319", "name": "张涵予" }], "title": "老炮儿", "original_title": "老炮儿", "subtype": "movie", "directors": [{ "avatars": { "small": "http://img3.douban.com\/img\/celebrity\/small\/8171.jpg", "large": "http://img3.douban.com\/img\/celebrity\/large\/8171.jpg", "medium": "http://img3.douban.com\/img\/celebrity\/medium\/8171.jpg" }, "alt": "http:\/\/movie.douban.com\/celebrity\/1274919\/", "id": "1274919", "name": "管虎" }], "year": "2015", "images": { "small": "http://img3.doubanio.com\/view\/movie_poster_cover\/ipst\/public\/p2292976849.jpg", "large": "http://img3.doubanio.com\/view\/movie_poster_cover\/lpst\/public\/p2292976849.jpg", "medium": "http://img3.doubanio.com\/view\/movie_poster_cover\/spst\/public\/p2292976849.jpg" }, "alt": "http:\/\/movie.douban.com\/subject\/24751756\/", "id": "24751756" }, { "rating": { "max": 10, "average": 7.6, "stars": "40", "min": 0 }, "genres": ["喜剧", "动作", "悬疑"], "collect_count": 125506, "casts": [{ "avatars": { "small": "http://img3.douban.com\/img\/celebrity\/small\/1356403251.95.jpg", "large": "http://img3.douban.com\/img\/celebrity\/large\/1356403251.95.jpg", "medium": "http://img3.douban.com\/img\/celebrity\/medium\/1356403251.95.jpg" }, "alt": "http:\/\/movie.douban.com\/celebrity\/1274388\/", "id": "1274388", "name": "王宝强" }, { "avatars": { "small": "http://img3.doubanio.com\/img\/celebrity\/small\/1384938951.18.jpg", "large": "http://img3.doubanio.com\/img\/celebrity\/large\/1384938951.18.jpg", "medium": "http://img3.doubanio.com\/img\/celebrity\/medium\/1384938951.18.jpg" }, "alt": "http:\/\/movie.douban.com\/celebrity\/1336305\/", "id": "1336305", "name": "刘昊然" }, { "avatars": { "small": "http://img3.douban.com\/img\/celebrity\/small\/12000.jpg", "large": "http://img3.douban.com\/img\/celebrity\/large\/12000.jpg", "medium": "http://img3.douban.com\/img\/celebrity\/medium\/12000.jpg" }, "alt": "http:\/\/movie.douban.com\/celebrity\/1275756\/", "id": "1275756", "name": "佟丽娅" }], "title": "唐人街探案", "original_title": "唐人街探案", "subtype": "movie", "directors": [{ "avatars": { "small": "http://img3.doubanio.com\/img\/celebrity\/small\/7957.jpg", "large": "http://img3.doubanio.com\/img\/celebrity\/large\/7957.jpg", "medium": "http://img3.doubanio.com\/img\/celebrity\/medium\/7957.jpg" }, "alt": "http:\/\/movie.douban.com\/celebrity\/1274763\/", "id": "1274763", "name": "陈思诚" }], "year": "2015", "images": { "small": "http://img3.doubanio.com\/view\/movie_poster_cover\/ipst\/public\/p2302930556.jpg", "large": "http://img3.doubanio.com\/view\/movie_poster_cover\/lpst\/public\/p2302930556.jpg", "medium": "http://img3.doubanio.com\/view\/movie_poster_cover\/spst\/public\/p2302930556.jpg" }, "alt": "http:\/\/movie.douban.com\/subject\/26311973\/", "id": "26311973" }, { "rating": { "max": 10, "average": 7.6, "stars": "40", "min": 0 }, "genres": ["剧情", "传记", "冒险"], "collect_count": 49125, "casts": [{ "avatars": { "small": "http://img3.doubanio.com\/img\/celebrity\/small\/3517.jpg", "large": "http://img3.doubanio.com\/img\/celebrity\/large\/3517.jpg", "medium": "http://img3.doubanio.com\/img\/celebrity\/medium\/3517.jpg" }, "alt": "http:\/\/movie.douban.com\/celebrity\/1101703\/", "id": "1101703", "name": "约瑟夫·高登-莱维特" }, { "avatars": { "small": "http://img3.doubanio.com\/img\/celebrity\/small\/1374649659.58.jpg", "large": "http://img3.doubanio.com\/img\/celebrity\/large\/1374649659.58.jpg", "medium": "http://img3.doubanio.com\/img\/celebrity\/medium\/1374649659.58.jpg" }, "alt": "http:\/\/movie.douban.com\/celebrity\/1054393\/", "id": "1054393", "name": "本·金斯利" }, { "avatars": { "small": "http://img3.douban.com\/img\/celebrity\/small\/1389083702.11.jpg", "large": "http://img3.douban.com\/img\/celebrity\/large\/1389083702.11.jpg", "medium": "http://img3.douban.com\/img\/celebrity\/medium\/1389083702.11.jpg" }, "alt": "http:\/\/movie.douban.com\/celebrity\/1330092\/", "id": "1330092", "name": "夏洛特·勒·邦" }], "title": "云中行走", "original_title": "The Walk", "subtype": "movie", "directors": [{ "avatars": { "small": "http://img3.douban.com\/img\/celebrity\/small\/505.jpg", "large": "http://img3.douban.com\/img\/celebrity\/large\/505.jpg", "medium": "http://img3.douban.com\/img\/celebrity\/medium\/505.jpg" }, "alt": "http:\/\/movie.douban.com\/celebrity\/1053564\/", "id": "1053564", "name": "罗伯特·泽米吉斯" }], "year": "2015", "images": { "small": "http://img3.douban.com\/view\/movie_poster_cover\/ipst\/public\/p2309200993.jpg", "large": "http://img3.douban.com\/view\/movie_poster_cover\/lpst\/public\/p2309200993.jpg", "medium": "http://img3.douban.com\/view\/movie_poster_cover\/spst\/public\/p2309200993.jpg" }, "alt": "http:\/\/movie.douban.com\/subject\/25819229\/", "id": "25819229" }, { "rating": { "max": 10, "average": 3.1, "stars": "15", "min": 0 }, "genres": ["剧情", "科幻", "冒险"], "collect_count": 2613, "casts": [{ "avatars": { "small": "http://img3.doubanio.com\/img\/celebrity\/small\/1352302814.78.jpg", "large": "http://img3.doubanio.com\/img\/celebrity\/large\/1352302814.78.jpg", "medium": "http://img3.doubanio.com\/img\/celebrity\/medium\/1352302814.78.jpg" }, "alt": "http:\/\/movie.douban.com\/celebrity\/1053551\/", "id": "1053551", "name": "布兰登·罗斯" }, { "avatars": { "small": "http://img3.douban.com\/img\/celebrity\/small\/47020.jpg", "large": "http://img3.douban.com\/img\/celebrity\/large\/47020.jpg", "medium": "http://img3.douban.com\/img\/celebrity\/medium\/47020.jpg" }, "alt": "http:\/\/movie.douban.com\/celebrity\/1274494\/", "id": "1274494", "name": "张雨绮" }, { "avatars": { "small": "http://img3.douban.com\/img\/celebrity\/small\/36255.jpg", "large": "http://img3.douban.com\/img\/celebrity\/large\/36255.jpg", "medium": "http://img3.douban.com\/img\/celebrity\/medium\/36255.jpg" }, "alt": "http:\/\/movie.douban.com\/celebrity\/1032117\/", "id": "1032117", "name": "王盛德" }], "title": "蒸发太平洋", "original_title": "Lost in the Pacific", "subtype": "movie", "directors": [{ "avatars": { "small": "http://img3.doubanio.com\/img\/celebrity\/small\/1394188197.37.jpg", "large": "http://img3.doubanio.com\/img\/celebrity\/large\/1394188197.37.jpg", "medium": "http://img3.doubanio.com\/img\/celebrity\/medium\/1394188197.37.jpg" }, "alt": "http:\/\/movie.douban.com\/celebrity\/1338305\/", "id": "1338305", "name": "周文武贝" }], "year": "2016", "images": { "small": "http://img3.douban.com\/view\/movie_poster_cover\/ipst\/public\/p2306409195.jpg", "large": "http://img3.douban.com\/view\/movie_poster_cover\/lpst\/public\/p2306409195.jpg", "medium": "http://img3.douban.com\/view\/movie_poster_cover\/spst\/public\/p2306409195.jpg" }, "alt": "http:\/\/movie.douban.com\/subject\/26279449\/", "id": "26279449" }, { "rating": { "max": 10, "average": 3.4, "stars": "20", "min": 0 }, "genres": ["剧情", "悬疑", "恐怖"], "collect_count": 312, "casts": [{ "avatars": { "small": "http://img3.douban.com\/img\/celebrity\/small\/40360.jpg", "large": "http://img3.douban.com\/img\/celebrity\/large\/40360.jpg", "medium": "http://img3.douban.com\/img\/celebrity\/medium\/40360.jpg" }, "alt": "http:\/\/movie.douban.com\/celebrity\/1037846\/", "id": "1037846", "name": "莫少聪" }, { "avatars": { "small": "http://img3.douban.com\/img\/celebrity\/small\/43334.jpg", "large": "http://img3.douban.com\/img\/celebrity\/large\/43334.jpg", "medium": "http://img3.douban.com\/img\/celebrity\/medium\/43334.jpg" }, "alt": "http:\/\/movie.douban.com\/celebrity\/1317092\/", "id": "1317092", "name": "朱珠" }, { "avatars": { "small": "http://img3.douban.com\/img\/celebrity\/small\/44245.jpg", "large": "http://img3.douban.com\/img\/celebrity\/large\/44245.jpg", "medium": "http://img3.douban.com\/img\/celebrity\/medium\/44245.jpg" }, "alt": "http:\/\/movie.douban.com\/celebrity\/1318735\/", "id": "1318735", "name": "陈廷嘉" }], "title": "恶灵之门", "original_title": "恶灵之门", "subtype": "movie", "directors": [{ "avatars": { "small": "http://img3.douban.com\/img\/celebrity\/small\/1451286288.54.jpg", "large": "http://img3.douban.com\/img\/celebrity\/large\/1451286288.54.jpg", "medium": "http://img3.douban.com\/img\/celebrity\/medium\/1451286288.54.jpg" }, "alt": "http:\/\/movie.douban.com\/celebrity\/1352793\/", "id": "1352793", "name": "郭大雷" }], "year": "2015", "images": { "small": "http://img3.douban.com\/view\/movie_poster_cover\/ipst\/public\/p2305205560.jpg", "large": "http://img3.douban.com\/view\/movie_poster_cover\/lpst\/public\/p2305205560.jpg", "medium": "http://img3.douban.com\/view\/movie_poster_cover\/spst\/public\/p2305205560.jpg" }, "alt": "http:\/\/movie.douban.com\/subject\/26661696\/", "id": "26661696" }, { "rating": { "max": 10, "average": 2.7, "stars": "15", "min": 0 }, "genres": ["喜剧", "爱情"], "collect_count": 620, "casts": [{ "avatars": { "small": "http://img3.douban.com\/img\/celebrity\/small\/1374130433.92.jpg", "large": "http://img3.douban.com\/img\/celebrity\/large\/1374130433.92.jpg", "medium": "http://img3.douban.com\/img\/celebrity\/medium\/1374130433.92.jpg" }, "alt": "http:\/\/movie.douban.com\/celebrity\/1313954\/", "id": "1313954", "name": "李菲儿" }, { "avatars": { "small": "http://img3.doubanio.com\/img\/celebrity\/small\/13748.jpg", "large": "http://img3.doubanio.com\/img\/celebrity\/large\/13748.jpg", "medium": "http://img3.doubanio.com\/img\/celebrity\/medium\/13748.jpg" }, "alt": "http:\/\/movie.douban.com\/celebrity\/1276163\/", "id": "1276163", "name": "立威廉" }, { "avatars": { "small": "http://img3.douban.com\/img\/celebrity\/small\/12002.jpg", "large": "http://img3.douban.com\/img\/celebrity\/large\/12002.jpg", "medium": "http://img3.douban.com\/img\/celebrity\/medium\/12002.jpg" }, "alt": "http:\/\/movie.douban.com\/celebrity\/1275882\/", "id": "1275882", "name": "黄明" }], "title": "致我们终将到来的爱情", "original_title": "致我们终将到来的爱情", "subtype": "movie", "directors": [{ "avatars": { "small": "http://img3.douban.com\/img\/celebrity\/small\/51732.jpg", "large": "http://img3.douban.com\/img\/celebrity\/large\/51732.jpg", "medium": "http://img3.douban.com\/img\/celebrity\/medium\/51732.jpg" }, "alt": "http:\/\/movie.douban.com\/celebrity\/1321907\/", "id": "1321907", "name": "郑来志" }], "year": "2016", "images": { "small": "http://img3.douban.com\/view\/movie_poster_cover\/ipst\/public\/p2308492063.jpg", "large": "http://img3.douban.com\/view\/movie_poster_cover\/lpst\/public\/p2308492063.jpg", "medium": "http://img3.douban.com\/view\/movie_poster_cover\/spst\/public\/p2308492063.jpg" }, "alt": "http:\/\/movie.douban.com\/subject\/26413306\/", "id": "26413306" }], "title": "正在上映的电影-北京" }
