{
    "version": "1.0.0",
    "warning": "请不要修改这个文件中的内容",
    "project": {
        "projectId": 102560
    },
    "application": {
        "appId": 102295,
        "packageId": "com.hnty.driver"
    },
    "services": {
        "analytics": {
            "appKey": "Aqcloud102295"
        },
        "messaging": {
            "appId": "2100296436",
            "appKey": "AVVAS267Y59Y"
        },
        "crash": {
            "appId": "d816f4e2df"
        },
        "payment": {
            "offerId": "TC102295"
        },
        "storage": {
            "bucket": "tac-lxcx20180618-st-1256946500",
            "region": "ap-beijing"
        }
    }
}